{
  "meta": {
    "version": "5.5",
    "timestamp": "2021-04-01T21:14:30.092527",
    "branch_coverage": false,
    "show_contexts": false
  },
  "files": {
    "lists/__init__.py": {
      "executed_lines": [
        1
      ],
      "summary": {
        "covered_lines": 0,
        "num_statements": 0,
        "percent_covered": 100.0,
        "missing_lines": 0,
        "excluded_lines": 0
      },
      "missing_lines": [],
      "excluded_lines": []
    },
    "lists/array_list.py": {
      "executed_lines": [
        1,
        2,
        4,
        5,
        6,
        7,
        9,
        10,
        11,
        12,
        14,
        16,
        17,
        19,
        20,
        21,
        23,
        24,
        26,
        27,
        29,
        31,
        32,
        33,
        34,
        36,
        37,
        38,
        39,
        40,
        42,
        43,
        45,
        46,
        47,
        48,
        49,
        51,
        52,
        54,
        55,
        56,
        57,
        59,
        61,
        62,
        63,
        64,
        65,
        67,
        69,
        70,
        72,
        73,
        74,
        75,
        77,
        78,
        80,
        81,
        82,
        83,
        85,
        86,
        87,
        88,
        95,
        100,
        101,
        102,
        103,
        104,
        106,
        107,
        108,
        109,
        110,
        112,
        113,
        114,
        115,
        116,
        118,
        120,
        122,
        123,
        124,
        125,
        126,
        130,
        132,
        133,
        134,
        135,
        136,
        140,
        142,
        143,
        145,
        146,
        147,
        149,
        150,
        152,
        153,
        154,
        156,
        157,
        158,
        159,
        161,
        162,
        163,
        165,
        166,
        167
      ],
      "summary": {
        "covered_lines": 116,
        "num_statements": 118,
        "percent_covered": 98.30508474576271,
        "missing_lines": 2,
        "excluded_lines": 0
      },
      "missing_lines": [
        128,
        138
      ],
      "excluded_lines": []
    },
    "lists/linked_list.py": {
      "executed_lines": [
        1,
        2,
        3,
        4,
        5,
        8,
        9,
        10,
        11,
        12,
        14,
        15,
        16,
        17,
        18,
        19,
        21,
        22,
        23,
        24,
        26,
        27,
        28,
        29,
        30,
        31,
        33,
        34,
        35,
        37,
        38,
        39,
        41,
        42,
        43,
        45,
        46,
        47,
        49,
        51,
        52,
        53,
        54,
        56,
        57,
        58,
        59,
        60,
        61,
        62,
        63,
        65,
        67,
        68,
        69,
        70,
        71,
        72,
        74,
        75,
        76,
        78,
        79,
        81,
        82,
        83,
        84,
        86,
        87,
        88,
        89,
        90,
        91,
        92,
        93,
        95,
        96,
        97,
        99,
        100,
        102,
        103,
        105,
        106,
        107,
        108,
        109,
        110,
        111,
        112,
        114,
        115,
        116,
        117,
        118,
        120,
        121,
        122,
        123,
        125,
        126,
        127
      ],
      "summary": {
        "covered_lines": 102,
        "num_statements": 102,
        "percent_covered": 100.0,
        "missing_lines": 0,
        "excluded_lines": 0
      },
      "missing_lines": [],
      "excluded_lines": []
    },
    "tests/__init__.py": {
      "executed_lines": [
        1
      ],
      "summary": {
        "covered_lines": 0,
        "num_statements": 0,
        "percent_covered": 100.0,
        "missing_lines": 0,
        "excluded_lines": 0
      },
      "missing_lines": [],
      "excluded_lines": []
    },
    "tests/test_array_list.py": {
      "executed_lines": [
        1,
        3,
        6,
        7,
        8,
        10,
        11,
        12,
        14,
        16,
        17,
        18,
        20,
        21,
        22,
        23,
        24,
        26,
        28,
        29,
        30,
        31,
        33,
        35,
        36,
        37,
        38,
        39,
        41,
        42,
        43,
        45,
        46,
        47,
        48,
        50,
        51,
        53,
        54,
        55,
        56,
        57,
        59,
        60,
        62,
        63,
        64,
        65,
        67,
        68,
        70,
        71,
        73,
        74,
        76,
        77,
        79,
        80,
        82,
        83,
        85,
        86,
        88,
        89,
        91,
        92,
        94,
        95,
        97,
        98,
        100,
        101,
        102,
        103,
        104,
        105,
        106,
        107,
        108,
        110,
        111,
        113,
        114,
        115,
        116,
        118,
        119,
        121,
        122,
        123,
        124,
        125,
        127,
        129,
        130,
        132,
        133,
        134,
        136,
        137,
        138,
        139,
        141,
        142,
        144,
        146,
        148,
        149,
        151,
        152,
        154,
        155,
        157,
        158,
        159,
        161,
        162,
        163,
        164,
        165,
        166,
        167,
        169,
        170,
        171,
        173,
        174,
        175,
        176,
        177,
        178,
        179,
        180,
        182,
        183,
        184,
        186,
        187,
        189,
        190,
        191,
        193,
        194,
        196,
        197,
        199,
        201,
        202,
        204,
        206,
        207,
        209,
        210,
        212,
        213,
        215,
        217,
        218,
        220,
        222,
        224,
        225,
        226,
        227,
        229,
        230,
        231,
        232,
        233,
        235,
        236,
        240,
        242,
        243,
        244,
        245,
        246,
        247,
        249,
        250,
        255,
        257,
        258,
        259,
        261,
        262,
        263,
        264,
        265,
        266,
        268,
        270,
        271,
        272,
        273,
        274,
        275,
        277,
        279,
        280,
        281,
        282,
        284,
        286,
        287,
        288,
        290,
        291,
        293,
        295,
        296,
        297,
        299,
        300,
        302,
        304,
        305,
        306,
        307,
        308,
        309,
        310,
        312,
        313
      ],
      "summary": {
        "covered_lines": 224,
        "num_statements": 224,
        "percent_covered": 100.0,
        "missing_lines": 0,
        "excluded_lines": 0
      },
      "missing_lines": [],
      "excluded_lines": []
    },